{"use_quantization":true,"batch_inference_throughput":3337.172182301897,"batch_inference_memory":505.59619140625,"training":{"avg_memory":1133.3166796875,"std_time":0.0018873750336341117,"avg_perplexity":1429.5822898864747,"std_memory":60.67266062753482,"std_perplexity":2116.202859664766,"avg_time":0.02641561269760132,"avg_throughput":1217.4410988623056,"std_throughput":84.67549873457754,"avg_loss":6.757462358474731,"std_loss":0.8990397000850677},"batch_perplexity":866.7122802734375,"use_flash_attention":true,"batch_loss":6.764707088470459,"batch_inference_perplexity":7150.8037109375,"_wandb":{"runtime":42},"_timestamp":1.7448374979569392e+09,"batch_inference_time":0.009588956832885742,"inference":{"avg_throughput":3170.1895362691357,"avg_perplexity":3164.9513432429385,"std_time":0.0010234148483145116,"std_memory":91.11634049478121,"std_throughput":279.4375652480376,"std_perplexity":6489.3210861585085,"avg_time":0.010184010306557457,"avg_memory":879.7357486263736},"batch_memory_usage":1144.15087890625,"_runtime":42.73333859,"max_length":128,"batch_training_time":0.027850627899169922,"batch_throughput":1148.98666255757,"batch_size":32,"_step":191}