{"max_length":128,"_step":200,"_wandb":{"runtime":66},"batch_training_time":0.031170368194580078,"batch_loss":5.8211798667907715,"batch_perplexity":337.369873046875,"use_flash_attention":false,"batch_memory_usage":1598.958984375,"_runtime":66.474093195,"batch_size":16,"batch_inference_perplexity":271.41943359375,"_timestamp":1.7448369304600208e+09,"batch_inference_memory":1113.8837890625,"use_quantization":false,"batch_throughput":513.3080206213955,"batch_inference_time":0.01057577133178711,"batch_inference_throughput":1512.8920149691148,"training":{"std_loss":0.8942689281673805,"avg_perplexity":1132.7158139038086,"std_time":0.002719124143908623,"avg_time":0.028995699882507324,"avg_loss":6.538105959892273,"avg_throughput":556.1024007002451,"std_memory":97.76992855453669,"avg_memory":1576.9566845703125,"std_throughput":46.436022355353415,"std_perplexity":1560.745414455283},"inference":{"std_time":0.0010889336284972775,"std_memory":138.29705988143746,"std_throughput":129.8908119951005,"std_perplexity":6117.77323663411,"avg_time":0.010888445377349853,"avg_memory":1067.7318212890625,"avg_throughput":1482.3882237969217,"avg_perplexity":3126.371505661011}}