{"_wandb":{"runtime":30},"training":{"std_throughput":36.58572508136894,"avg_time":0.028280379772186278,"avg_memory":1256.2429736328124,"avg_throughput":338.73517584849054,"std_time":0.04795089921274015,"std_memory":79.81300422237031},"inference":{"std_time":0.0005071799842410903,"std_memory":73.06578682251968,"std_throughput":45.98012161374938,"avg_time":0.009179251194000244,"avg_memory":780.442119140625,"avg_throughput":874.0676746369325},"_timestamp":1.7445925899676454e+09,"_runtime":30.862743604,"_step":0}