{"batch_training_time":0.028012514114379883,"_timestamp":1.744837119713912e+09,"batch_memory_usage":845.3759765625,"batch_throughput":571.173295430366,"batch_size":16,"_wandb":{"runtime":22},"training":{"avg_loss":6.5380873155593875,"avg_memory":833.9759521484375,"avg_time":0.027121143341064455,"avg_throughput":593.1427742329643,"avg_perplexity":1135.0634442138671,"std_throughput":43.119043085407874,"std_time":0.0020155681218645438,"std_perplexity":1520.564898013922,"std_loss":0.9017933969584001,"std_memory":49.421560326315266},"_runtime":22.418900392,"use_quantization":true,"batch_inference_perplexity":271.3722229003906,"max_length":128,"batch_inference_time":0.010157346725463867,"inference":{"avg_throughput":1581.961898199287,"avg_perplexity":3118.7185859680176,"std_time":0.000874155605177206,"std_memory":68.53387504111944,"std_throughput":117.37779898380252,"std_perplexity":6101.123362611718,"avg_time":0.010178680419921876,"avg_memory":572.2222021484375},"_step":200,"batch_perplexity":301.1033935546875,"batch_loss":5.707453727722168,"batch_inference_throughput":1575.214515409713,"use_flash_attention":true,"batch_inference_memory":595.07958984375}