{"max_length":128,"training":{"avg_perplexity":1296.0266416931152,"std_time":0.0020540134581657986,"std_loss":0.9661908704374128,"std_throughput":20.53143565124266,"std_memory":79.82101331901254,"avg_throughput":286.7142183873699,"avg_loss":6.680023627281189,"avg_memory":1252.8113720703125,"std_perplexity":1497.2316473123378,"avg_time":0.028049094676971434},"batch_inference_time":0.010308027267456055,"batch_size":8,"use_quantization":false,"batch_inference_memory":808.0517578125,"batch_inference_throughput":776.0941829536256,"_step":200,"batch_perplexity":597.1572265625,"batch_loss":6.392180442810059,"batch_throughput":294.96327291267426,"_runtime":30.523661244,"batch_training_time":0.027122020721435547,"batch_memory_usage":1286.376953125,"batch_inference_perplexity":8947.98046875,"use_flash_attention":true,"inference":{"std_memory":73.54852120436713,"std_throughput":46.92409107396757,"std_perplexity":3014.993483113798,"avg_time":0.010503230094909667,"avg_memory":780.344189453125,"avg_throughput":765.1390928956649,"avg_perplexity":1971.5901261138915,"std_time":0.0007870506148098127},"_wandb":{"runtime":30},"_timestamp":1.7448368409710903e+09}