{"batch_memory_usage":2210.482421875,"_wandb":{"runtime":135},"batch_inference_throughput":2391.1089574574216,"_step":191,"batch_inference_memory":923.67626953125,"max_length":128,"training":{"avg_memory":2189.422578125,"std_perplexity":2233.1944344173253,"std_loss":0.8931547412460744,"avg_loss":6.754992985725403,"std_time":0.10729016036727329,"avg_time":0.039937887191772464,"avg_perplexity":1433.7962742614745,"std_throughput":131.0894816034156,"avg_throughput":1092.2537874760865,"std_memory":121.89556183364164},"batch_training_time":0.029110431671142578,"batch_inference_time":0.013382911682128906,"_timestamp":1.7448372597329342e+09,"inference":{"avg_memory":1683.7428152901787,"avg_throughput":2836.240953149828,"avg_perplexity":3173.5367599319625,"std_time":0.0012464302593718337,"std_memory":182.85584189545284,"std_throughput":289.01546499624595,"std_perplexity":6510.758628030697,"avg_time":0.011409377003764059},"batch_size":32,"batch_inference_perplexity":7173.53515625,"use_quantization":false,"batch_perplexity":825.4730834960938,"batch_loss":6.715956687927246,"_runtime":135.168455398,"use_flash_attention":false,"batch_throughput":1099.2622974987305}