{"batch_throughput":470.85679003683566,"batch_inference_throughput":1508.7085272363481,"_step":200,"batch_loss":5.716935634613037,"use_quantization":true,"batch_inference_time":0.010605096817016602,"_runtime":22.428641035,"batch_memory_usage":845.3759765625,"batch_inference_perplexity":271.3722229003906,"batch_inference_memory":595.07958984375,"batch_training_time":0.033980607986450195,"inference":{"avg_time":0.010873942375183106,"avg_memory":572.2222021484375,"avg_throughput":1486.6132450697194,"avg_perplexity":3118.7185859680176,"std_time":0.001170952465409864,"std_memory":68.53387504111944,"std_throughput":141.63786029060427,"std_perplexity":6101.123362611718},"batch_perplexity":303.9720153808594,"max_length":128,"_wandb":{"runtime":22},"training":{"std_time":0.0025035317738815593,"std_throughput":47.35579234716914,"avg_memory":833.9759521484375,"std_memory":49.421560326315266,"avg_time":0.027708897590637206,"avg_perplexity":1218.9452839660644,"std_loss":0.910236212991668,"avg_throughput":581.6957327435822,"std_perplexity":1943.2884108778883,"avg_loss":6.565040006637573},"_timestamp":1.7448370207160144e+09,"use_flash_attention":false,"batch_size":16}