{"inference":{"std_throughput":69.28644629718897,"std_perplexity":3008.931646898864,"avg_time":0.010084786415100098,"avg_memory":427.8125439453125,"avg_throughput":800.1140702528461,"avg_perplexity":1967.9448884582519,"std_time":0.000999054027664898,"std_memory":37.0027769373495},"max_length":128,"batch_size":8,"use_quantization":true,"batch_perplexity":669.7564086914062,"batch_inference_time":0.011974573135375977,"_runtime":11.851012718,"batch_throughput":340.70601614459054,"_wandb":{"runtime":11},"_timestamp":1.7448368588504157e+09,"training":{"avg_loss":6.694631071090698,"std_memory":40.718657213486225,"std_time":0.0019107653394097284,"std_throughput":22.382327108152193,"avg_memory":668.56712890625,"avg_perplexity":1346.2272161102294,"avg_throughput":317.6432016650956,"std_loss":0.9826401745362854,"avg_time":0.02531982660293579,"std_perplexity":1646.291377753334},"_step":200,"batch_inference_perplexity":8914.888671875,"batch_inference_throughput":668.0822697859631,"batch_inference_memory":441.65576171875,"batch_memory_usage":684.505859375,"batch_training_time":0.023480653762817383,"batch_loss":6.506914138793945,"use_flash_attention":true}