{"training":{"std_perplexity":2006.1588779778,"avg_memory":1133.3166796875,"std_memory":60.67266062753482,"std_loss":0.8868649928243229,"avg_time":0.027002122402191162,"avg_loss":6.754046249389648,"std_time":0.002079452644126511,"avg_throughput":1192.0243310548092,"avg_perplexity":1397.4602156066894,"std_throughput":90.28117626569282},"batch_inference_memory":505.59619140625,"_timestamp":1.7448373091411357e+09,"use_quantization":true,"_runtime":42.700827643,"batch_training_time":0.026600122451782227,"_step":191,"batch_size":32,"batch_inference_time":0.01024937629699707,"_wandb":{"runtime":42},"batch_throughput":1203.001980836971,"batch_loss":6.71909236907959,"use_flash_attention":false,"max_length":128,"inference":{"avg_throughput":3089.2147459053426,"avg_perplexity":3164.9513432429385,"std_time":0.0011660964894189226,"std_memory":91.11634049478121,"std_throughput":307.9890342418947,"std_perplexity":6489.3210861585085,"avg_time":0.010474548235044375,"avg_memory":879.7357486263736},"batch_inference_throughput":3122.1411989113494,"batch_perplexity":828.0656127929688,"batch_memory_usage":1144.15087890625,"batch_inference_perplexity":7150.8037109375}