{"batch_inference_perplexity":8947.98046875,"batch_perplexity":560.4281005859375,"_step":200,"batch_training_time":0.022629737854003906,"_runtime":32.28030646,"batch_inference_time":0.009155035018920898,"batch_inference_memory":808.0517578125,"_timestamp":1.7445934689031556e+09,"_wandb":{"runtime":32},"batch_throughput":353.5171309368284,"training":{"std_loss":0.9635849130909582,"std_memory":79.81300422237031,"avg_throughput":341.2469683063025,"avg_loss":6.688849663734436,"std_time":0.04999666510914208,"std_throughput":35.9126017376083,"avg_perplexity":1315.5209822845459,"avg_time":0.028292808532714844,"avg_memory":1256.2434619140624,"std_perplexity":1589.6474881814852},"inference":{"std_perplexity":3014.993483113798,"avg_time":0.009122297763824463,"avg_memory":780.443095703125,"avg_throughput":880.4668039259205,"avg_perplexity":1971.5901261138915,"std_time":0.000715688759296083,"std_memory":73.06578682251968,"std_throughput":45.58921362595124},"batch_loss":6.328701019287109,"batch_memory_usage":1289.501953125,"batch_inference_throughput":873.836089481497}