{"use_quantization":false,"batch_size":16,"use_flash_attention":true,"batch_training_time":0.029322385787963867,"batch_throughput":545.6581915161765,"training":{"std_perplexity":1512.6904824030278,"std_loss":0.9030191388645311,"avg_throughput":554.6743004366081,"std_memory":97.77098970327167,"std_time":0.0021169903782479204,"avg_perplexity":1145.693305053711,"std_throughput":40.193849402009825,"avg_time":0.028998751640319825,"avg_memory":1576.9616845703124,"avg_loss":6.549272513389587},"_step":200,"batch_inference_time":0.013418436050415039,"batch_inference_memory":1113.8837890625,"_wandb":{"runtime":66},"max_length":128,"inference":{"std_throughput":136.09193118290486,"std_perplexity":6117.77323663411,"avg_time":0.011130595207214355,"avg_memory":1067.7318212890625,"avg_throughput":1451.6151638099745,"avg_perplexity":3126.371505661011,"std_time":0.0011593148405482972,"std_memory":138.29705988143746},"_timestamp":1.7448370921636705e+09,"batch_inference_throughput":1192.3893321014198,"batch_perplexity":351.8300476074219,"batch_inference_perplexity":271.41943359375,"_runtime":66.400003065,"batch_memory_usage":1598.958984375,"batch_loss":5.863148212432861}