{"batch_inference_memory":808.0517578125,"_timestamp":1.7448367868964782e+09,"batch_loss":6.33989143371582,"batch_inference_throughput":618.5262769820641,"_runtime":29.588283922,"use_quantization":false,"inference":{"avg_throughput":734.5351471783804,"avg_perplexity":1971.5901261138915,"std_time":0.0012006622148155266,"std_memory":73.06578682251968,"std_throughput":74.53955392644826,"std_perplexity":3014.993483113798,"avg_time":0.011012535095214843,"avg_memory":780.443095703125},"_wandb":{"runtime":29},"batch_inference_time":0.012933969497680664,"batch_inference_perplexity":8947.98046875,"batch_size":8,"batch_memory_usage":1289.501953125,"batch_perplexity":566.7348022460938,"_step":200,"batch_throughput":300.62924005949077,"batch_training_time":0.026610851287841797,"max_length":128,"use_flash_attention":false,"training":{"std_throughput":35.3772486267279,"std_time":0.04788048794465945,"std_memory":79.81300422237031,"avg_perplexity":1307.4904077911376,"avg_loss":6.697775688171387,"avg_memory":1256.2434619140624,"std_perplexity":1486.0059580388604,"avg_throughput":287.8945994396698,"std_loss":0.9595375181012933,"avg_time":0.03251367330551148}}