{"batch_throughput":1122.165510091467,"_wandb":{"runtime":134},"batch_memory_usage":2209.732421875,"_runtime":134.503378252,"_timestamp":1.7448374493298619e+09,"batch_inference_perplexity":7173.53515625,"batch_inference_memory":923.67626953125,"training":{"std_throughput":76.8888642970006,"std_memory":121.94035696915132,"avg_memory":2189.374140625,"avg_time":0.027493185997009277,"std_loss":0.8920507124834686,"std_time":0.0018911845722883861,"avg_perplexity":1424.3679914855957,"avg_throughput":1169.2039949599293,"std_perplexity":2156.703726633549,"avg_loss":6.752901368141174},"_step":191,"batch_loss":6.723477840423584,"use_quantization":false,"max_length":128,"batch_size":32,"batch_perplexity":831.7050170898438,"use_flash_attention":true,"batch_inference_time":0.010671138763427734,"inference":{"avg_time":0.01070687011048034,"avg_memory":1683.7428152901787,"avg_throughput":3011.7455034900636,"avg_perplexity":3173.5367599319625,"std_time":0.0009847478528059231,"std_memory":182.85584189545284,"std_throughput":250.69760714502902,"std_perplexity":6510.758628030697},"batch_inference_throughput":2998.7427498994593,"batch_training_time":0.028516292572021484}