{"_timestamp":1.7448368047276578e+09,"max_length":128,"batch_throughput":338.13102232075374,"use_flash_attention":false,"batch_inference_time":0.009243011474609375,"_step":200,"_runtime":11.646800959,"batch_inference_perplexity":8914.888671875,"training":{"avg_perplexity":1307.474213180542,"std_throughput":42.72863537234365,"avg_throughput":309.3188433159491,"avg_time":0.028332622051239015,"std_loss":0.9647769156589387,"std_perplexity":1521.9789137821308,"std_memory":40.46190101831409,"std_time":0.02068680871818228,"avg_memory":658.0809765625,"avg_loss":6.688196215629578},"_wandb":{"runtime":11},"batch_inference_memory":431.15576171875,"batch_perplexity":518.6489868164062,"batch_training_time":0.023659467697143555,"inference":{"std_throughput":93.49693015613276,"std_perplexity":3008.931646898864,"avg_time":0.010635859966278076,"avg_memory":417.4923046875,"avg_throughput":764.4039800504531,"avg_perplexity":1967.9448884582519,"std_time":0.001397143491850707,"std_memory":36.925177790041374},"batch_loss":6.251227378845215,"batch_memory_usage":674.380859375,"use_quantization":true,"batch_size":8,"batch_inference_throughput":865.5187783739167}